<?xml version="1.0" encoding="UTF-8"?>
<project-private xmlns="http://www.netbeans.org/ns/project-private/1">
    <editor-bookmarks xmlns="http://www.netbeans.org/ns/editor-bookmarks/2" lastBookmarkId="0"/>
    <open-files xmlns="http://www.netbeans.org/ns/projectui-open-files/2">
        <group>
            <file>file:/C:/Users/Usuario%20ITC/Documents/PROG%20ORIENTADA%20A%20OBJETOS/EjemploBD/src/VIEW/FormTestEstudiante.java</file>
            <file>file:/C:/Users/Usuario%20ITC/Documents/PROG%20ORIENTADA%20A%20OBJETOS/EjemploBD/src/VIEW/TestEstudiante.java</file>
            <file>file:/C:/Users/Usuario%20ITC/Documents/PROG%20ORIENTADA%20A%20OBJETOS/EjemploBD/src/MODEL/ConeccionDB.java</file>
            <file>file:/C:/Users/Usuario%20ITC/Documents/PROG%20ORIENTADA%20A%20OBJETOS/EjemploBD/src/CONTROLER/ProcesarEstudiantes.java</file>
            <file>file:/C:/Users/Usuario%20ITC/Documents/PROG%20ORIENTADA%20A%20OBJETOS/EjemploBD/src/MODEL/Estudiante.java</file>
        </group>
    </open-files>
</project-private>
